Event,Artist,Event__location,Description,URL,Event__start,Event__end,District,Address,PLZ,Category,Tag,Time_start,Time_end,,
OFFICIAL Erasmus & International Party,,Traffic Club,"The legendary Official Erasmus P.A.R.T.Y. on Saturday, April the 10th  ♥✰ Biggest International Meetup in Town ✰✰ Best Music All Over  About this Event          								          									                    	Let´s celebrate the beginning of a new season with the legendary Official Erasmus P.A.R.T.Y. on Saturday, April the 10th. Locals & Internationals, Students & Non-Students, Everybody is Welcome! ♥✰ Biggest International Meetup in Town ✰✰ Give-Aways for Free ✰✰ Best Music All Over (♫ Charts, R&B, House, Indie & Party Classics ♫) ✰✰ Huge Outdoor Area Over Alexanderplatz ✰✰ Feel-Good Atmosphere ✰|Admission|pre-sale: student ticket: 10 € regular ticket: 14 € - This is a limited offer, get yours now before they sell out!at the door: with student ID: 12 € regular ticket: 16 € do you want to save money? Then buy a pre-sale ticket!|Location|Alexanderstr. 7, (Alexanderplatz) (Entry on Otto-Braun-Straße)Get ready for the party of the year ♥",https://www.facebook.com/erasmus4berlin,10/04/2021,11/04/2021,Mitte,"Alexanderstr. 7, (Alexanderplatz) (Entry on Otto-Braun-Straße)",10178 ,party,,23:00,07:00,,
BiggestEventEverOnlyForYou(also cause you'll be only You/Me or not even),,,"Online party  Informazioni sull'evento          								          									                    	Berlin Online party for everyone, for one",,18/12/2020,29/01/2022,Other,,,party,,18:00,18:00,,
Ü20 Socialmatch - Dating-Event in Berlin,,Rückerstattungen bis zu 7 Tage vor dem Event,"1 Bar, 10 Teilnehmer, 1 Spiel. Die Alternative zu Speed-Dating, Single Party oder After Work Event in Berlin. Bei Socialmatch lernen sich bi  Zu diesem Event          								          									                    	1 Bar, 10 Teilnehmer, 1 Spiel. Die Alternative zu Speed-Dating, Single Party oder After Work Event in Berlin.          Bei Socialmatch lernen sich bis zu zehn Teilnehmer (Hälfte Männer und Hälfte Frauen) in einer Bar beim eigens dafür entwickelten Socialmatch-Spiel während des zweistündigen Events näher kennen. Die genauen Infos zur Location bekommen die Teilnehmer einen Tag vor dem Event per Email.          Das Spiel kombiniert eine gelungene Mischung aus Fragen, Aktionsaufgaben und lustiger Unterhaltung, die alleine oder als Team gemeistert werden. Durch verschiedene Aufgaben und Fragen kommen die Spieler in Interaktion miteinander und lernen sich im Spielverlauf besser kennen. Durch mehrere Sitzplatzwechsel hat man die Chance, mit allen Teilnehmern an einem Abend in Kontakt zu kommen.          Ein Moderator vor Ort informiert über den Ablauf und leitet durch das Event.          Mehr Infos unter www.socialmatch.de          Hinweis: Das Event ist für die Altersgruppe 30-45 Jahre. Für andere Altersgruppen, siehe weitere Termine.          P.s. Socialmatch erhielt bereits 2015 bereits den Single-Award für sein Konzept und ist bekannt aus zahlreichen Medien (u.a. ZDF, NEON, Focus, Die Welt, etc.). Teste es selbst, es lohnt sich!          Vorteile Socialmatch                    100% entspanntes und lockeres Kennenlernen          Triff bis zu 9 neue Leute an einem Abend          Verhältnis von Männer & Frauen ist ausgeglichen          Spielkonzept garantiert einen lustigen Abend          Anmeldung mit bis zu zwei Freunden                               FAQs          Wie kann ich den Veranstalter kontaktieren, wenn ich Fragen habe?          Bei Fragen wende dich gerne julie@socialmatch.de. Hier findest du auch bereits häufig gestellte Fragen und deren Antworten: https://socialmatch.de/faq          Muss ich mich am Einlass ausweisen und gibt es eine Altersbeschränkung für das Event?          Die Events sind in drei Altersgruppen eingeteilt:                    20-35 Jahre          30-45 Jahre           40-60 Jahre                    Je nach Altersgruppe variiert das Event-Datum, beachte die Angabe zur Altersgruppe im Beschreibungstext.          Sind Rückerstattungen möglich?          Die Teilnahme beim gebuchten Socialmatch-Event kann bis zu 5 Tage vor dem  Event storniert werden. Der Teilnehmer erhält entweder die bereits gezahlte Teilnahmegebühr zurück oder kann auf ein anderen Event-Datum kostenlos umgebucht werden. Schreibe hierfür eine Email an julie@socialmatch.de.          Muss ich das ausgedruckte Ticket mitbringen?          Nein. Der Moderator hat eine Liste mit allen Namen.",https://socialmatch.de/,04/11/2020,12/05/2021,Other,,,party,,20:00,22:00,,
Sacred Sister Circle - Online Gathering,,We will share a zoom link upfront via email,"Beautiful Shaktis,          This is an experience for women to rise in connection, support and celebration of one another.           Welcome home.  About this Event          								          									                    	Beautiful Sister,Are you also over this current separation disease. Do you crave being with your like-minded tribe, meet new inspiring soul sisters and simple thrive in authentic connection? Now more than ever. This is an experience for women to rise in connection, support and celebration of one another. This Sacred Sister Circle is a 2 hour gathering of women, (virtually) to engage in meaningful conversation about our hearts, lives, and vision for the planet. Experience a sacred safe space of women where the whole of you is welcomed, just as you are.This sacred sister circle will be a nurturing, accepting environment to share your unique truths and to allow yourself to be seen, heard and understood by women who get you. We value every woman's uniqueness. We understand it is not our job to fix anyone else, but instead celebrate and honour them and their unique journey. You will be led by Chi Lisa Schulz who brings this ceremonial gathering to her community as she has been living and experiencing it in her second home  Bali. Mama Bali is the embodiment of community and walking through life together. You can expect:- welcome & intentions- meditation- sharing circle- closing Thank you for helping us create more sisterhood in our world! Together we shall rise. When women come together in circles they come HOME.  I am looking forward to seeing you in the circle.Namaste, Sister.Chi",https://www.facebook.com/facebook.com/groups/469566723727210,10/04/2021,10/04/2021,Other,via zoom,Berliner Str.,party,,14:00,16:00,,
Ü40 Socialmatch - Dating-Event in Berlin,,Rückerstattungen bis zu 7 Tage vor dem Event,"1 Bar, 10 Teilnehmer, 1 Spiel. Die Alternative zu Speed Dating, Single Party oder After Work Event in Berlin.  Zu diesem Event          								          									                    	1 Bar, 10 Teilnehmer, 1 Spiel. Die Alternative zu Speed Dating, Single Party oder After Work Event in Berlin.          Bei Socialmatch lernen sich bis zu zehn Teilnehmer (Hälfte Männer und Hälfte Frauen) in einer Bar beim eigens dafür entwickelten Socialmatch-Spiel während des zweistündigen Events näher kennen. Die genauen Infos zur Location bekommen die Teilnehmer einen Tag vor dem Event per Email.          Das Spiel kombiniert eine gelungene Mischung aus Fragen, Aktionsaufgaben und lustiger Unterhaltung, die alleine oder als Team gemeistert werden. Durch verschiedene Aufgaben und Fragen kommen die Spieler in Interaktion miteinander und lernen sich im Spielverlauf besser kennen. Durch mehrere Sitzplatzwechsel hat man die Chance, mit allen Teilnehmern an einem Abend in Kontakt zu kommen.          Ein Moderator vor Ort informiert über den Ablauf und leitet durch das Event.          Mehr Infos unter www.socialmatch.de          Hinweis: Das Event ist für die Altersgruppe 40-60 Jahre. Für andere Altersgruppen, siehe weitere Termine.          P.s. Socialmatch erhielt bereits 2015 bereits den Single-Award für sein Konzept und ist bekannt aus zahlreichen Medien (u.a. ZDF, NEON, Focus, Die Welt, etc.). Teste es selbst, es lohnt sich!          Vorteile Socialmatch                    100% entspanntes und lockeres Kennenlernen          Triff bis zu 9 neue Leute an einem Abend          Verhältnis von Männer & Frauen ist ausgeglichen          Spielkonzept garantiert einen lustigen Abend          Anmeldung mit bis zu zwei Freunden                               FAQs          Wie kann ich den Veranstalter kontaktieren, wenn ich Fragen habe?          Bei Fragen wende dich gerne julie@socialmatch.de. Hier findest du auch bereits häufig gestellte Fragen und deren Antworten: https://socialmatch.de/faq          Muss ich mich am Einlass ausweisen und gibt es eine Altersbeschränkung für das Event?          Die Events sind in drei Altersgruppen eingeteilt:                    20-35 Jahre          30-45 Jahre           40-60 Jahre                    Je nach Altersgruppe variiert das Event-Datum, beachte die Angabe zur Altersgruppe im Beschreibungstext.          Sind Rückerstattungen möglich?          Die Teilnahme beim gebuchten Socialmatch-Event kann bis zu 5 Tage vor dem  Event storniert werden. Der Teilnehmer erhält entweder die bereits gezahlte Teilnahmegebühr zurück oder kann auf ein anderen Event-Datum kostenlos umgebucht werden. Schreibe hierfür eine Email an julie@socialmatch.de.          Muss ich das ausgedruckte Ticket mitbringen?          Nein. Der Moderator hat eine Liste mit allen Namen.",https://socialmatch.de/,09/11/2020,19/04/2021,Other,,,party,,20:00,22:00,,
PubCrawl Berlin Super-Premium Tour,,,"Ziehe mit unseren szenekundigen Guides in einer Nacht durch bis zu 5 Locations des pulsierenden Nachtlebens der Stadt.  Zu diesem Event          								          									                    	Startpunkt: frei vereinbar im Umkreis des Alexanderplatzes Du organisierst einen Junggesellenabschied oder eine private Tour in Berlin? Dann plant mit uns Eure individuelle Party-Tour! Mit unserem Team aus erfahrenen Berliner Guides sorgen wir dafür, dass Eure Tour unvergesslich wird. Spart Euch den Planungssaufwand und zieht mit Eurem privaten Guide durch die heißesten Läden Berlins! Und das ist inklusive:Eigener Guide für Eure Gruppe Individuelle Startzeit Individueller Abholort (Abholung Umgebung Haltestelle Simplonstr. (Berlin)) Tour durch 5 Locations Welcome-Shot am Treffpunkt 1 Shot in jeder Location Free Shots auf den Wegen von Lokation zu Lokation 1 PubCrawl Finisher-T-Shirt für die Braut / den Bräutigam für die Unterschriften aller FreundeMädels: 1 Magnum-Flasche Prosecco extra je 15 TeilnehmerJungs: 1 Flasche „Pirat“ von FICKEN extra je 12 Teilnehmer Mädels: 1 Diadem pro PersonJungs: 1 PubCrawl-Flaschenöffner pro Person Exklusive Stripshow (10 Minuten) in einer der teilnehmenden LocationsTouren sind auch an jedem anderen Wochentag möglich, bitte kontaktieren Sie uns dafür direkt. Vielen Dank.",,24/02/2017,31/12/2022,Other,,,party,,20:00,22:00,,
Kreuzberger Nächte sind lang – Zurück in die 80iger Teil II,,N.N.Rooms,"Wer erinnert sich nicht an die langen Nächte in „unseren“ 80iger Jahren in West-Berlin.  About this Event          								          									                    	Wer erinnert sich nicht an die langen Nächte in „unseren“ 80iger Jahren in West-Berlin. Als Hommage an diese geile Zeit findet der Teil II  unserer  Eventreihe „Kreuzberger Nächte sind lang“ am am 23 April 2021 statt.Erlebt den Charme einmaliger, denkmalgeschützter Räumlichkeiten nahe des Viktoriaparks im Herzen Kreuzbergs - der durch die Barprofis Unique Berlin Events exklusiv betriebene N.N.Rooms, wird für diesen Abend in einen 80-er Jahre Club verwandelt.DJ Soulspy wird Kreuzberg schon vor Mitternacht zum Beben bringen Limitiert auf 50-70 Plätze19.00 - 21.00 Uhr Happy  Hour auf Longdrinks 2 für 1Wir begrüßen Euch mit einem complimentary Welcome Drink ... Der „Raiderbeitrag“ beträgt 10€ zzgl. Gebühr!Die Veranstaltung findet statt unter Berücksichtigung geltender Abstands- und Hygienemaßnahmen/ Planung u. Umsetzung der Veranstaltung gilt es die aktuellen Entwicklungen u. Erfordernissen anzupassen",,23/04/2021,24/04/2021,Kreuzberg,Möckernstraße 68,10965 ,party,,19:00,01:00,,
Devil Dance Festival & Artchi´s B-Day,,Void Club & Kulturhaus Kili Berlin,"Devil Dance Festival & Artchi´s B-´Day  ♦ 6 Floors ♦ 50 Dj´s ♦ 2 Clubs  Zu diesem Event                    Wir wollen mit euch Artchi´s Geburtstag zelebrieren und das mit ordentlich Bass auf 6 Floors. Es gibt viele Gründe zum Party machen, doch dieser ist ein ganz besonderer, unser lieber Artchi wird 50 und das werden wir ausgelassen feiern.                    ▁ ▁ ▁ ▂ ▂ ▂ ▃ ▃ ▃ 50 Jahre, 50 DJs! ▃ ▃ ▃ ▂ ▂ ▂ ▁ ▁ ▁                    In so vielen Jahren gibt es viele Genres die einem über den Weg laufen, für die Party hat er seine liebsten raus gepickt: Techno, Hard Techno, Hardcore, House / Electro, Dark Psy, Forest, Psytrance, Psychedelic, Drum n Bass, Chillout, Ambient/ Downtempo.                    Alle weiteren Informationen folgen in kürze, also seid gespannt. <3                    • • • • • • • • • • • • • • • • • • • • • • • • • • • • • • • • • • • • • • • • • • • •                    ⚡ Quantize of Sense - Floor ☠️                    • • • • • • • • • • • • • • • • • • • • • • • • • • • • • • • • • • • • • • • • • • • •                    ♦ Darkpsy | Hi-Tech | Forest | Psychedelic ♦                    🚩 Mind Oscillation - Banyan Records – GRE -                    ❥ https://soundcloud.com/mind-oscillation                    ❥ https://www.facebook.com/MindOsc/                    🚩 Telepathic Creatures - Banyan Records – GRE                    ❥ https://soundcloud.com/telepathic-creatures                    ❥ https://www.facebook.com/TelepathiCreatures/                    🚩 Opus Summum – Live - (Kasatka & Calyptratus) - Germany                    ❥ https://soundcloud.com/opus-summum                    ❥ https://www.facebook.com/OpusSummum/                    🚩 -Z- (alpha & antagon) – Live - Black Out Records - Germany                    ❥ https://soundcloud.com/z-alpha-antagon                    ❥ https://www.facebook.com/Z.alpha.antagon/                    🚩 Abralabim - Fractal Nebula Records - Germany                    ❥ https://soundcloud.com/abralabim-fractal-nebula-discovalley                    ❥ https://www.facebook.com/Abralabim/                    🚩 Jairam - Fractal Nebula Records - Germany                    ❥ https://soundcloud.com/jairam-1                    ❥ https://www.facebook.com/Dj-Jairam-358199774792510/                    🚩 Malum – Shamanism Records - Germany                    ❥ https://soundcloud.com/malum420                    ❥ https://www.facebook.com/Malum420/                    🚩 Synthezia - Atra Scientia Berlin - Germany                    ❥ https://soundcloud.com/syntheziadj                    ❥ https://www.facebook.com/synthezia/                    🚩 Elektroengel – Soundviecher Berlin - Germany                    ❥ http://soundcloud.com/soundviecher                    ❥ https://www.facebook.com/viechedelic/                    🚩 Diavolo – Soundviecher Berlin - Germany                    ❥ https://soundcloud.com/diavolosoundviech                    ❥ https://www.facebook.com/Soundviecher/                    🚩 ANT - Mind Expansion Music - Germany                    ❥ https://soundcloud.com/mindexpansionspace                    ❥ https://www.facebook.com/ant.memusic                    🚩 Halunke - Mind Expansion Music - Germany                    ❥ https://soundcloud.com/mindexpansionspace                    ❥ https://www.facebook.com/MindExpansionMusic?fref=ts                    🚀 Mad Monday - Floor 🎉                    • • • • • • • • • • • • • • • • • • • • • • • • • • • • • • • • • • • • • • • • • • • •                    ♦ Techno | Electro | House ♦                    🚩 Aquarius Heaven -Live- (Wolf + Lamb | Circus Company ) - FRA                    ❥ https://soundcloud.com/aquarius-heaven                    ❥ https://www.facebook.com/aquarius.heaven/                    🚩 Anri - [YO͞ONƏˌSEKS] - JP                    ❥ https://soundcloud.com/anrythm                    ❥ https://www.facebook.com/djanriofficial/                    🚩 Lee Jokes -Live- - Organic Live Art Records - Germany                    ❥ https://soundcloud.com/lee-jokes                    ❥ https://www.facebook.com/DjLeeJokes/                    🚩 Waynette - Supply Records - Germany                    ❥ https://soundcloud.com/waynettewaynette                    ❥ https://www.facebook.com/waynettewaynette/                    🚩 Anna Mea – Mad Monday Berlin - Germany                    ❥ https://soundcloud.com/annamea                    ❥ https://www.facebook.com/annameaoc/                    🚩 Debora Java - Organic Live Art Records - Germany                    ❥ https://soundcloud.com/debora-java                    ❥ https://www.facebook.com/deborajava/                    🚩 Oszillo- Organic Live Art Records - Germany                    ❥ https://soundcloud.com/oszillo                    ❥ https://www.facebook.com/F.Oszillo/                    🚩 Dub-Line – Mad Monday - Germany                    ❥ https://soundcloud.com/user-926435069                    ❥ https://www.facebook.com/Dub-Line-724359750989021/                    🚩 Mathias Birnbaum – Magnetic Field Berlin - Germany                    ❥ https://soundcloud.com/mathiasbirnbaum                    ❥ https://www.residentadvisor.net/profile/mathiasbirnbaum                    🚩 Honschu Lee - Magnetic Field Berlin - Germany                    ❥ https://soundcloud.com/honschulee                    ❥ https://www.facebook.com/HonschuLee/                    🚩 Der Eggert – Magnetic Field Berlin - Germany                    ❥ https://soundcloud.com/dereggert                    ❥ https://www.facebook.com/der.eggert/                    🌈 Magic Atmosphere - Floor 🍄                    • • • • • • • • • • • • • • • • • • • • • • • • • • • • • • • • • • • • • • • • • • • •                    ♦ Psy-Trance | Progressive ♦                    🚩 Enantion - Psychedelic Theatre Berlin - Germany                    ❥ https://soundcloud.com/enantion                    ❥ https://www.facebook.com/enantion/                    🚩 Perkins - PHI Records Berlin - Germany                    ❥ https://soundcloud.com/perkins-berlin                    ❥ https://www.facebook.com/Perkins.Berlin/                    🚩 Possebility – Sun Departement Rec. - Germany                    ❥ https://soundcloud.com/possebility                    ❥ https://www.facebook.com/Possebility.Berlin/                    🚩 Goa Camino – Mad Monday | Melodic Psyprog Music - Germany                    ❥ https://soundcloud.com/goacamino                    ❥ https://www.facebook.com/GoaCamino/                    🚩 Shleyer – Velvet Monkey - Germany                    ❥ https://soundcloud.com/shleyer                    ❥ https://www.facebook.com/B.Shleyer/                    🚩 Monervo- An der frischen Luft - Germany                    ❥ https://soundcloud.com/monervo                    ❥ https://www.facebook.com/Monervo/                    🚩 Onkel Tom - Just Bang / Nachspiel / NachtiGeil - Germany                    ❥ https://soundcloud.com/onkel-tom-berlin                    ❥ https://www.facebook.com/DJ.Onkel.Tom/                    🚩 Labrysinthe - Sun Department Records - Germany                    ❥ https://soundcloud.com/labrysinthe                    ❥ https://www.facebook.com/labrysinthe/                    🚩 John Kotti – 7 SD Records - Germany                    ❥ https://soundcloud.com/johnkotti                    ❥ https://www.facebook.com/JohnKottiOfficial/                    🧟 Creatures of the Night - Floor 🌑                    • • • • • • • • • • • • • • • • • • • • • • • • • • • • • • • • • • • • • • • • • • • •♦ Dark Techno | Hard Techno | Frenchcore | Hardcore ♦                    🚩 Reanna Peris - OSC RECORDS BERLIN - Germany                    ❥ https://soundcloud.com/reannaperis                    ❥ https://www.facebook.com/reannaperis/                    🚩 SHVLFCE - Gabber Noir / USA                    ❥ https://soundcloud.com/shvlfce                    ❥ https://www.facebook.com/SHVLFCE001/                    🚩 Zak McCoy – Raw Nuts / Throyl - Germany                    ❥ https://soundcloud.com/zakmccoy                    ❥ https://www.facebook.com/ZakMcCoyFans/                    🚩 Curt Cocain – Freak Soundz / Void Berlin - Germany                    ❥ https://soundcloud.com/curt-cocain                    ❥ https://www.facebook.com/Curt-Cocain-312499893410/                    🚩 Sonair (No Way Merchandise, Subland, N1ghtshift)                    ❥ https://www.mixcloud.com/sonairmusic/                    ❥ https://www.facebook.com/sonairDNBmusic/                    🔊Galaxy - Floor 🥁                    • • • • • • • • • • • • • • • • • • • • • • • • • • • • • • • • • • • • • • • • • • • •                    ♦ Drum´n´Bass | Jungle ♦                    🚩 Upzet – Out of Mind Berlin / Void Berlin - Germany                    ❥ https://soundcloud.com/djupzet                    ❥ https://www.facebook.com/djupzet/                    🚩 Tommy Lexxus - Bassism | Forecast | Higher Ground | Planet Reese | Sub.FM | VOID Berlin - USA                    ❥ https://soundcloud.com/bassismrecords                    ❥ https://www.facebook.com/t0mmyl3xxus/                    ❥ https://www.mixcloud.com/tommylexxus/stream/                    🚩 Mr. Lafont – Void Berlin - Germany                    ❥ https://soundcloud.com/mrlafont                    ❥ https://www.facebook.com/mrlafontdnb/                    🚩 RiseAb – Void Berlin - Germany                    ❥ https://soundcloud.com/riseabdnb                    ❥ https://www.facebook.com/RiseAbDNB/                    🚩 Weaponized – Void Berlin - Germany                    ❥ https://soundcloud.com/dj-weaponized                    ❥ https://www.facebook.com/djweaponized/                    🕉 Healing Space - Floor 💫                    • • • • • • • • • • • • • • • • • • • • • • • • • • • • • • • • • • • • • • • • • • • •                    ♦ Ambient | Chillout | Downbeat ♦                    🚩 Pandu – Digedax - Germany                    ❥ https://soundcloud.com/pandu-1                    ❥ https://soundcloud.com/digedax                    ❥ https://www.facebook.com/Digedax%20/                    🚩 Orava – Mad Monday Berlin - Germany                    ❥ https://soundcloud.com/oravadj                    ❥ https://www.facebook.com/OravaDJ/                    🚩 Tom Waldgeist – Waldrausch Berlin - Germany                    ❥ http://www.facebook.com/xxwaldrauschxx                    🚩 Kenny Kuschel – Magnetic Field Berlin | Mad Monday - Germany                    ❥ https://soundcloud.com/kenny-kuschel                    ❥ https://www.facebook.com/KennyKuschelofficial/                    🚩 Abbadon – Mad Monday Berlin - Germany                    ❥ https://m.mixcloud.com/derzerstoerer/                    ❥ https://www.facebook.com/abbadonpsy/                    🚩 Line Up complete - no request please!                    • • • • • • • • • • • • • • • • • • • • • • • • • • • • • • • • • • • • • • • • • • • •                    🎇 Decoration & Shows 🎆                    🚩 Visuals presented by Illuminated Art                    ❥ • https://www.facebook.com/illuminated.art/                    🚩 🚀 UAN VISUVISION • Italy / Germany                    ❥ http://www.wix.com/uanito/art-work-uan                    🚩 🚀 OPINIONS.BERLIN • Germany                    ❥ https://www.facebook.com/OpinionsBerlin-163807597617014/                    🚩 🚀 Stringart by Magnetic Field Berlin Crew • Germany                    🚩 🚀Feuershow by Phönix-girlz                    ❥ https://www.facebook.com/FeuerMelli/                    ▁ ▁ ▁ ▂ ▂ ▂ ▃ ▃ ▃ Specials & More: ▃ ▃ ▃ ▂ ▂ ▂ ▁ ▁ ▁                    ✮ Special für die ersten 100 Gäste ✮                    ॐ Chai & Snacks ॐ                    ✘ Chillout Area & Outdoor Space ✘                    ❥ Shops (Accessoires & Clothings) ❥                    • • • • • • • • • • • • • • • • • • • • • • • • • • • • • • • • • • • • • • • • • • • •                    🎯 Location 🎯                    ✮ VOID CLUB & KULTURHAUS KILI BERLIN ✮                    ✮ Wiesenweg 5-9 | 10365 Berlin ✮                    ✮ S-Ostkreuz | S+U Frankfurter Allee | S-Nöldner Platz ✮                    • • • • • • • • • • • • • • • • • • • • • • • • • • • • • • • • • • • • • • • • • • • •                    ❥ Goabase: www.goabase.net/party/quantize-of-sense-presents-devil-dance-festival/105437                    ❥ Resident Advisor: www.residentadvisor.net/events/1348407                    • • • • • • • • • • • • • • • • • • • • • • • • • • • • • • • • • • • • • • • • • • • •                    Quantize of Sense Crew Berlin                    ✘ www.facebook.com/quantizecreatures/                    ✘ www.quantizeofsense.com                    Mad Monday Crew Berlin                    ✘ www.facebook.com/MadMondayBerlin/✘ www.madmonday.org/                    • • • • • • • • • • • • • • • • • • • • • • • • • • • • • • • • • • • • • • • • • • • •                    ⚠ NO FASCISM! ⚠                    ⚠ NO SEXISM! ⚠                    ⚠ NO VIOLENCE! ⚠                    • • • • • • • • • • • • • • • • • • • • • • • • • • • • • • • • • • • • • • • • • • • •                    🔥 Please share and invite your friends to this event - thx 🔥                    Wir freuen uns auf euch <3                    Euer,                    Artchi Berlin & Quantize of Sense / Mad Monday Crew - Berlin",,30/04/2021,01/05/2021,Lichtenberg,Wiesenweg 5 - 9,10365 ,party,,22:00,12:00,,
Berlins größtes Speed Dating Event (25-39 Jahre),,Berlin,"Lerne beim größtem Speed Dating Event in deiner Stadt bis zu 15 Personen bei einzigartigen Dates kennen!  Zu diesem Event          								          									                    	Berlins größtes Speed Dating EventHast du Lust Singles in deinem Alter direkt persönlich kennen zu lernen?           Wie wäre es, wenn es ein Event gäbe, wo sich möglichst viele tolle           Singles an einem Abend träfen?          Beim größtem Speed Dating Event in deiner Stadt hast du die Chance auf bis zu 15 einzigartige Dates an einem Abend.          Ein Moderator führt durch den Abend und jede Runde wird dir eine interessante Frage vorgegeben, die du für den Gesprächseinstieg verwenden kannst. So kommst du locker und schnell ins Gespräch!          Während des Events kannst du dank dem Teilnehmerbogen markieren, wen du gerne wiedersehen willst. Bei Übereinstimmung werden die Kontaktdaten ausgetauscht.          Anmeldung und weitere Termine unter: www.speeddating-xxl.de          FAQsWo findet das Event statt?Die genauen Infos zur Location werden 2 Tage vor dem Event versendet.Sind Rückerstattungen möglich?Die Teilnahme beim gebuchten Event kann bis zu 7 Tage vor dem Event storniert werden. Der Teilnehmer erhält entweder die bereits gezahlte Teilnahmegebühr zurück oder bekommt ein Gutschein für ein zukünftiges Event. Schreibe hierfür eine Email an team[at]speeddating-xxl.deMuss ich das ausgedruckte Ticket mitbringen?Zur Sicherheit am besten das Ticket ausgedruckt oder auf Handy vorzeigbar mitbringen.Wie kann ich den Veranstalter kontaktieren, wenn ich Fragen habe?Bei Fragen wende dich gerne an team[at]speeddating-xxl.de.Bildquelle: Syda Productions/Shutterstock.com",,14/05/2021,14/05/2021,Other,-,Berlin,party,,19:30,21:30,,
Berlins größtes Speed Dating Event (25-39 Jahre)(2,,Berlin,"Lerne beim größtem Speed Dating Event in deiner Stadt bis zu 15 Personen bei einzigartigen Dates kennen!  Zu diesem Event          								          									                    	Berlins größtes Speed Dating EventHast du Lust Singles in deinem Alter direkt persönlich kennen zu lernen?           Wie wäre es, wenn es ein Event gäbe, wo sich möglichst viele tolle           Singles an einem Abend träfen?          Beim größtem Speed Dating Event in deiner Stadt hast du die Chance auf bis zu 15 einzigartige Dates an einem Abend.          Ein Moderator führt durch den Abend und jede Runde wird dir eine interessante Frage vorgegeben, die du für den Gesprächseinstieg verwenden kannst. So kommst du locker und schnell ins Gespräch!          Während des Events kannst du dank dem Teilnehmerbogen markieren, wen du gerne wiedersehen willst. Bei Übereinstimmung werden die Kontaktdaten ausgetauscht.          Anmeldung und weitere Termine unter: www.speeddating-xxl.de          FAQsWo findet das Event statt?Die genauen Infos zur Location werden 2 Tage vor dem Event versendet.Sind Rückerstattungen möglich?Die Teilnahme beim gebuchten Event kann bis zu 7 Tage vor dem Event storniert werden. Der Teilnehmer erhält entweder die bereits gezahlte Teilnahmegebühr zurück oder bekommt ein Gutschein für ein zukünftiges Event. Schreibe hierfür eine Email an team[at]speeddating-xxl.deMuss ich das ausgedruckte Ticket mitbringen?Zur Sicherheit am besten das Ticket ausgedruckt oder auf Handy vorzeigbar mitbringen.Wie kann ich den Veranstalter kontaktieren, wenn ich Fragen habe?Bei Fragen wende dich gerne an team[at]speeddating-xxl.de.Bildquelle: Syda Productions/Shutterstock.com",http://speeddating-xxl.de/,14/05/2021,14/05/2021,Other,-,Berlin,party,,19:30,21:30,,
Original Pflaumenbaum Revival Party X.,,Ballhaus Spandau,"Willkommen zur besten Party der Stadt, hier gibt es Stimmung satt!  Zu diesem Event          								          									                    	Corona-Update! Revival Party erneut verlegt, Location geändert! NEUER TERMIN: Samstag, den 22.05.2021 LOCATION: Ballhaus Spandau **********************************Unglaublich! Die Original Pflaumenbaum Revival Party feiert Ausgabe 10 Stimmung wie in alten Zeiten....In der Zeit vom 15.10.1990 – 06.08.2003 war die gemütliche Schunkelkneipe eine beliebte Adresse in Berlin. Hier musste man am Wochenende bei Wind und Wetter teilweise bis zu 90 Minuten anstehen, um überhaupt einen Stehplatz zu ergattern. Jeden Tag geöffnet fanden immer wieder innovative  Aktionen statt um die Gäste mit kleinen Aufmerksamkeiten bei Laune zu halten. Es wurden Luftschlangen, Erdnüsse, Bonbons, Lollies und natürlich kleine Pflaumenschnäpse (Pfläumchen) verteilt. Pünktlich um 0.00 Uhr wurden Wunderkerzen zum  Titel „New York – New York“ von Frank Sinatra entflammt. Die Musikauswahl bestand aus Oldies, Stimmungsliedern, sowie moderne Musik. Am Samstag, den 22.05.2021 wird  Dj Frankie b.  genau diese Songs die er damals sieben Jahre lang in diesem Laden aufgelegt hat noch einmal aufleben lassen, dazu wird geschunkelt, geflirtet, getanzt und viel gesungen.Im ältesten Club Europas, dem Ballhaus Spandau  werden wir die urgemütliche Atmosphäre des Pflaumenbaumes für eine Nacht wieder aufleben lassen..Die Stimmung und auch das Ambiente der Pflaumen-Baum Revival Party ist genauso rustikal wie sie damals der Pflaumen-Baum war. Die Gäste.  kommen in dem Outfit in dem sie sich wohlfühlen. Teilweise wird das  Pflaumen-Baum Team von damals unter den Gästen anzutreffen sein,  einige Zusagen haben uns bereits erreicht. Manchmal ist es recht amüsant die Zeit für eine Nacht zurückzudrehen. Auf unserer Revival Party, die wir in diesem Jahr zum neunten und zehnten Mal wiederholen trifft man erfahrungsgemäß auch auch die Menschen, die man aus der  Zeit des Pflaumen-Baum Erfolges der 90er Jahre kennt.Wir freuen uns erneut auf ein tolles Fest mit gut gelaunten Gästen, Wunderkerzen, Erdnüssen, Eis am Stiel, Konfetti, Polonaise, Pflaumenwein und Pfläumchen. Die wilde Zeit beginnt wieder, zwei Tage Ausnahmezustand mit dem Original Pflaumenbaum DJ Frankie b. und natürlich den besten Partygästen der Welt im Hangar und im Zelt?, direkt an der Start-und Landebahn des Flughafen Tegel.Eintrittskarten  15,00 € (inkl.19% MwSt, zzgl. Ticketgebühr). Wir empfehlen in jedem Fall den Vorverkauf , da wir wie damals im Pflaumen-Baum nur über eine begrenzte Anzahl von Plätzen verfügen.Der Ort des Geschehens:Ballhaus Spandau Dorfstr. 5, 13597 Berlin DIE SHOWAGENTEN – Eventagentur aus Berlin – WIR FREUEN UNS SCHON JETZT AUF EINEN SCHWUNGVOLL SCHÖNEN ABEND!Die SHOWAGENTEN präsentieren das ganze Jahr über unterschiedlichste Events alle Genrationen. Von rustikal bis edel veranstalten wir Partys, Konzerte, Adventures und Incentives in Berlin und darüber hinaus. Für einen schnellen Überblick über unsere Aktivitäten empfehlen wir die SHOWAGENTEN APP.Pflaumenbaum Revival Website:www.showagenten.de/pflaumen-baum-rivival-party",,22/05/2021,23/05/2021,Charlottenburg,Dorfstr. 5,13597 ,party,,20:00,05:00,,
Original Pflaumenbaum-Revival Party XI.,,Ballhaus Spandau,"Willkommen zu besten Party der Stadt, hier gibt es Stimmung satt!  Zu diesem Event          								          									                    	Corona-Update! Revival Party erneut verlegt, Location geändert! NEUER TERMIN: Samstag, den 22.05.2021 LOCATION: Ballhaus Spandau **********************************Unglaublich! Die Original Pflaumenbaum Revival Party feiert Ausgabe 10Stimmung wie in alten Zeiten....In der Zeit vom 15.10.1990 – 06.08.2003 war die gemütliche Schunkelkneipe eine beliebte Adresse in Berlin. Hier musste man am Wochenende bei Wind und Wetter teilweise bis zu 90 Minuten anstehen, um überhaupt einen Stehplatz zu ergattern. Jeden Tag geöffnet fanden immer wieder innovative  Aktionen statt um die Gäste mit kleinen Aufmerksamkeiten bei Laune zu halten. Es wurden Luftschlangen, Erdnüsse, Bonbons, Lollies und natürlich kleine Pflaumenschnäpse (Pfläumchen) verteilt. Pünktlich um 0.00 Uhr wurden Wunderkerzen zum  Titel „New York – New York“ von Frank Sinatra entflammt. Die Musikauswahl bestand aus Oldies, Stimmungsliedern, sowie moderne Musik. Am Samstag (22.05.2021) wird  Dj Frankie b.  genau diese Songs die er damals sieben Jahre lang in diesem Laden aufgelegt hat noch einmal aufleben lassen, dazu wird geschunkelt, geflirtet, getanzt und viel gesungen.Im ältesten Club Europas, dem Ballhaus Spandau  werden wir die urgemütliche Atmosphäre des Pflaumenbaumes für eine Nacht wieder aufleben lassen..Die Stimmung und auch das Ambiente der Pflaumen-Baum Revival Party ist genauso rustikal wie sie damals der Pflaumen-Baum war. Die Gäste.  kommen in dem Outfit in dem sie sich wohlfühlen. Teilweise wird das  Pflaumen-Baum Team von damals unter den Gästen anzutreffen sein,  einige Zusagen haben uns bereits erreicht. Manchmal ist es recht amüsant die Zeit für eine Nacht zurückzudrehen. Auf unserer Revival Party, die wir in diesem Jahr zum neunten und zehnten Mal wiederholen trifft man erfahrungsgemäß auch auch die Menschen, die man aus der  Zeit des Pflaumen-Baum Erfolges der 90er Jahre kennt.Wir freuen uns erneut auf ein tolles Fest mit gut gelaunten Gästen, Wunderkerzen, Erdnüssen, Eis am Stiel, Konfetti, Polonaise, Pflaumenwein und Pfläumchen. Die wilde Zeit beginnt wieder, zwei Tage Ausnahmezustand mit dem Original Pflaumenbaum DJ Frankie b. und natürlich den besten Partygästen der Welt im Hangar und im Zelt?, direkt an der Start-und Landebahn des Flughafen Tegel.Eintrittskarten  15,00 € (inkl.19% MwSt, zzgl. Ticketgebühr), im Preis ist ein Begrüßungsgetränk enthalten. Wir empfehlen in jedem Fall den Vorverkauf , da wir wie damals im Pflaumen-Baum nur über eine begrenzte Anzahl von Plätzen verfügen.Der Ort des Geschehens:Ballhaus Spandau Dorfstr. 5, 13597 Berlin DIE SHOWAGENTEN – Eventagentur aus Berlin – WIR FREUEN UNS SCHON JETZT AUF EINEN SCHWUNGVOLL SCHÖNEN ABEND!Die SHOWAGENTEN präsentieren das ganze Jahr über unterschiedlichste Events alle Genrationen. Von rustikal bis edel veranstalten wir Partys, Konzerte, Adventures und Incentives in Berlin und darüber hinaus. Für einen schnellen Überblick über unsere Aktivitäten empfehlen wir die SHOWAGENTEN APP.Pflaumenbaum Revival Website:www.showagenten.de/pflaumen-baum-rivival-party",,22/05/2021,23/05/2021,Charlottenburg,Dorfstr. 5,13597 ,party,,20:00,05:00,,
Sunglasses @ Night - 80er Jahre Party in Velten - 17.04.2021,,Ofen Stadt Halle,"wir feiern mit Euch die beste 80er Jahre Party in Velten und der Umgebung.  Zu diesem Event          								          									                    	Nun auch endlich wieder Sunglasses @ Night in Velten - die 80er Party- Endlich. Die legendäre Sunglasses @ Night – 80er Jahre Party Reihe wird auch in Velten starten. Am 17.04.2021 wird die Ofen Stadt Halle mit den besten Songs der 80er Jahre zum Beben gebracht. DJ NC Chris wird den tanzwütigen 80er Jahre Fans ordentlich einheizen.  Tickets gibt es an allen bekannten Touristinfo in der Region und auch online bei eventbrite (https://www.eventbrite.de/o/v-event-gmbh-4595191743)Das wird gut, das fetzt ein! Kommt also alle, dann ist woanders mehr Platz!",,17/04/2021,18/04/2021,Other,Katersteig 3,16727 Velten,party,,20:00,03:00,,
Sommerempfang 2021,,Zollpackhof,"Der Rotary Club Berlin-Platz der Republik lädt zum Outdoor-Sommerfest mit Ämterübergabe im Jahr 2021.  About this Event          								          									                    	Im Preis inbegriffen ist ein Begrüßungsgetränk sowie ein  Grillbuffet.Dabei gibt es sowohl vegetarische Vorspeisen und Desserts, als auch vom Grill mit Kräuterbutter geröstete Ofenkartoffeln und Carponata-Pfannengemüse.Im Teilnahmebeitrag enthalten ist  eine Spende in Höhe von 10,00 Euro zugunsten der vom Club unterstützen lokalen Projekte.",,29/06/2021,29/06/2021,Tiergarten,Elisabeth-Abegg-Straße 1,10557 ,party,,19:00,22:00,,
Sommerempfang 2021(2,,Zollpackhof,"Der Rotary Club Berlin-Platz der Republik lädt zum Outdoor-Sommerfest mit Ämterübergabe im Jahr 2021.  About this Event          								          									                    	Im Preis inbegriffen ist ein Begrüßungsgetränk sowie ein  Grillbuffet.Dabei gibt es sowohl vegetarische Vorspeisen und Desserts, als auch vom Grill mit Kräuterbutter geröstete Ofenkartoffeln und Carponata-Pfannengemüse.Im Teilnahmebeitrag enthalten ist  eine Spende in Höhe von 10,00 Euro zugunsten der vom Club unterstützen lokalen Projekte.",https://berlin-platz-der-republik.rotary.de/,29/06/2021,29/06/2021,Tiergarten,Elisabeth-Abegg-Straße 1,10557 ,party,,19:00,22:00,,
Frankies Party-Night   (Welcome Number 9),,Landhaus Hubertus,"Frankie`` s`  Party-Night  Zu diesem Event          								          									                    	Zum neunten Mal rockt es im Norden Berlins, wenn des Nord-Berliner Kult Dj Frankie b. die größten Party-Tracks im perfekten Mix serviert. Tanze zu den Hits der 80er/90er Jahre, sowie zu aktueller Chart-Music. Alle Hits die für eine ausgelassene Stimmung sorgen, kommen auf den Teller. Wir feiern im Landhaus Hubertus, welches unseren Besuchern bereits bestens von ""Die Weiße Partynacht"" und unserer Open Air Sause am Vatertag (Himmelfahrt)  bestens bekannt sein dürfte. Frankies Party-Night, in Berlin ganz oben, in Berlin-Frohnau.http://www.showagenten.de http://www.dj-frankie-b.de",,23/10/2021,24/10/2021,Frohnau,Invalidensiedlung 46,13465 ,party,,20:00,01:00,,
Sunglasses @ Night - 80er Jahre Party in Zeuthen - 18.09.2021,,Mehrzweckhalle Zeuthen,"wir feiern mit Euch die beste 80er Jahre Party in Zeuthen und Umgebung.  Zum 3. mal werden wir in Zeuthen feiern!  Zu diesem Event          								          									                    	Nun auch endlich wieder Sunglasses @ Night in Zeuthen - die 80er Party- Endlich. Die legendäre Sunglasses @ Night – 80er Jahre Party Reihe wird auch in Zeuthen starten. Am 20.03.2021 wird die Mehrzweckhalle mit den besten Songs der 80er Jahre zum Beben gebracht. DJ NC Chris wird den tanzwütigen 80er Jahre Fans ordentlich einheizen.  Tickets gibt es an allen bekannten Touristinfo in der Region und auch online bei eventbrite (https://www.eventbrite.de/o/v-event-gmbh-4595191743) Das wird gut, das fetzt ein! Kommt also alle, dann ist woanders mehr Platz!",,18/09/2021,19/09/2021,Other,Schulstraße 4,15738 Zeuthen,party,,20:00,03:00,,
X-MAS-Sunglasses @ Night - 80er Jahre Party in Zeuthen - 04.12.2021,,Mehrzweckhalle Zeuthen,"wir feiern mit Euch WEIHNACHTLICH die beste 80er Jahre Party in Zeuthen und Umgebung.  Zum 4. mal werden wir in Zeuthen feiern!  Zu diesem Event          								          									                    	Nun auch endlich wieder Sunglasses @ Night in Zeuthen - die 80er Party- Die Weihnachtsausgabe! Endlich. Die legendäre Sunglasses @ Night – 80er Jahre Party Reihe wird auch in Zeuthen starten. Am 20.03.2021 wird die Mehrzweckhalle mit den besten Songs der 80er Jahre zum Beben gebracht. DJ NC Chris wird den tanzwütigen 80er Jahre Fans ordentlich einheizen.  Tickets gibt es an allen bekannten Touristinfo in der Region und auch online bei eventbrite (https://www.eventbrite.de/o/v-event-gmbh-4595191743) Das wird gut, das fetzt ein! Kommt also alle, dann ist woanders mehr Platz!",,04/12/2021,05/12/2021,Other,Schulstraße 4,15738 Zeuthen,party,,20:00,03:00,,
X-MAS - Sunglasses @ Night - 80er Jahre Party in Velten - 18.12.2021,,Ofen Stadt Halle,"wir feiern mit Euch die beste 80er Jahre Party in Velten und der Umgebung.  Zu diesem Event          								          									                    	Nun auch endlich wieder Sunglasses @ Night in Velten - die 80er Party- als Weihnachtsausgabe - Endlich. Die legendäre Sunglasses @ Night – 80er Jahre Party Reihe wird auch in Velten starten. Am 30.10.2021 wird die Ofen Stadt Halle mit den besten Songs der 80er Jahre zum Beben gebracht. DJ NC Chris wird den tanzwütigen 80er Jahre Fans ordentlich einheizen.  Tickets gibt es an allen bekannten Touristinfo in der Region und auch online bei eventbrite (https://www.eventbrite.de/o/v-event-gmbh-4595191743)Das wird gut, das fetzt ein! Kommt also alle, dann ist woanders mehr Platz!",,18/12/2021,19/12/2021,Other,Katersteig 3,16727 Velten,party,,20:00,04:00,,
Halli-Galli-Party in Grünheide - OPEN AIR,,Festwiese Grünheide,"Einlass 19.oo Uhr, Start 20.00 Uhr.  DJ NC CHRIS.  DIE PARTY KANN STEIGEN!  Zu diesem Event          								          									                    	Halli Galli Party auf Tour in Grünheide Endlich wieder richtig feiern. Am 28.08.2021 stoppt die legendäre „Halli Galli Party“ on Tour in Grünheide auf der Festwiese - OPEN AIR. Ab 20.oo Uhr legt DJ NC Chris die besten und unvergesslichsten Songs der Gegenwart und Vergangenheit auf. Da ist gute Stimmung garantiert und die Tanzfläche wird proppenvoll. Tickets gibt es an den VVK Stellen (7 EUR zzgl. lokale Gebühren) in der Region, online /(http://potential-allstars.eventbrite.de?s=125451605) und an der Abendkasse (10 EUR). Das wird gut, das fetzt ein! Kommt also alle, dann ist woanders mehr Platz!",,28/08/2021,29/08/2021,Other,An der Alten Schule,Festwiese Grünheide,party,,19:00,01:30,,
BERLIN BREWS CRUISE – Kick-Off Party der Berlin Beer Week 2022,,Reederei Riedel,"BERLIN BREWS CRUISE – Kick-Off Party der Berlin Beer Week 2022  Zu diesem Event          								          									                    	(English below)Zum nun 6. Mal in Folge wird ein Spreedampfer zur Eröffnung der 7. Berlin Beer Week mit über 40 Bieren aus über 40 lokalen, nationalen und internationalen Brauereien bestückt, von denen ihr so viele und so oft probieren könnt, wie es euch beliebt! Genießt die beeindruckende Szenerie unserer Stadt während der drei Stunden langen Spreeschifffahrt durch Berlin. Nach der erfolgreichen Zusammenarbeit mit der Reederei Riedel in 2018 & 2019 arbeiten wir auch zum 5. Geburtstag der Brews Cruise wieder zusammen und heißen euch auf der majestätischen Spree-Comtess willkommen. Zum 6. Geburtstag von Deutschlands bekanntester Craft-Bier Dampferfahrt haben wir uns dazu entschlossen, einen der wohl vermutlich einzigen Knackpunkte eurerseits an der Cruise zu adressieren und werden den Füllstrich der Gläser um mindestens 50% auf 0.15l, eventuell sogar auf 0.20l ändern, sodass ihr nicht mehr ganz so oft vom schönen Oberdeck nach unten laufen müsst um euer Glas nachzufüllen. Wir sind gerade dabei unseren Brauereiwunschzettel mit Namen zu füllen und werden euchschon bald mehr davon bekanntgeben. Ihr könnt euch wie schon in den Jahren zuvor sicher sein, dass die Auswahl der Biere an Bord erstklassig sein wird und eine große Auswahl Berliner Brauereien beinhalten wird, gepaart mit aufstrebenden deutschen und natürlich internationalen Brauereien. Schaut einfach immer mal wieder auf unsere Facebookseite und in dieses Event für Updates.Ab 18:30 Uhr wird das Schiff mit Bierbegeisterten gefüllt. Zu 19:00 Uhr lichten wir den Anker und gleiten entspannt durch die sommerliche Hauptstadt, während das Bier in kühlenden Strömen fließt und unsere Eindrücke begleitet. Die genaue Ablegestelle wird in den nächsten Monaten nochmal bestätigt.Mineralwasser (mit/ohne Kohlensäure) ist im Ticketpreis enthalten. Snacks vom schiffseigenen Grill für den Hunger zwischendurch sowie andere alkoholische und nichtalkoholische Getränke, Kaffee usw. können zu den Preisen der Bordmenükarte der Reederei Riedel individuell erworben werden.Zu 22:00 Uhr gehen wir an einem zentralen Ort in Berlin vor Anker und laden euch zur offiziellen Afterparty ein. Die Details hierzu folgen sobald diese feststehen hier in der Eventbeschreibung und den sozialen Medien.Ticketpreis:  75 € pro Person + Transaktionsgebühren (beinhaltet 3 Stunden Spreedampferfahrt, Bier, soviel Du probieren möchtest [min. 0.15l], Mineralwasser [mit/ohne], Verkostungsglas der Berlin Beer Week 2021 und Zutritt zur Afterparty inkl. eines Freibiers) Zutritt nur bei Volljährigkeit, keine weiteren Ermäßigungen, keine Abendkasse.(English)Believe it or not, it’s already the 6th Berlin Brews Cruise, the official opening event of Berlin Beer Week #7, and we would hereby like to invite you! Join us for an open glass (all-you-can-drink) floating beer festival on the city’s waterways, featuring over 40 beers from more than 40 local and international breweries and amazing views during a three-hour cruise on the Spree river through the heart of Berlin!After our seamless cooperation in 2018 & 2019, we are teaming up again with Reederei Riedel and will be welcoming you aboard their beautiful Spree-Comtess. For the 6th birthday of Germany’s most known craft beer cruise, we decided to address the only complaint many of you had with the previous cruises - we are increasing the pouring limit by at least 50% to 0.15l (and maybe even to 0.2l!) so you don’t have to leave the beautiful upper deck too often to refill your glasses.We are currently filling up our brewery wishlist and should be ready to announce the first names soon. The cruise will feature a wide array of Berlin-based breweries, up and coming German breweries, and names of international acclaim. Keep checking our Facebook page and this event listing for updates.Boarding begins at 6:30 pm and finishes at 7 pm sharp. The exact boarding location will be confirmed in the coming months. The craft beer will flow as you float down the Spree on a three-hour voyage of sun and suds, soaking up the summer weather and stellar views.Bottled water is included in the ticket price. Food, such as a nice steak from the BBQ, and other alcoholic and non-alcoholic beverages are available for individual purchase from the onboard menu of Reederei Riedel.At 10 p.m. the boat will dock and passengers will disembark in a central location, where we invite you to continue the celebration with us at the official after party! Details to follow soon.Ticket price: 75 € per person+ transaction fee , which includes a 3-hour Spree cruise, all-you-can-drink beers from all breweries, drinking water, and official Berlin Beer Week 2021 commemorative glass as well as a complimentary first beer at the official afterparty.Must be of legal age to purchase a ticket and to attend; no other discounts apply, no tickets at the door.",http://www.berlinbeerweek.com/,02/09/2022,02/09/2022,Other,Märkisches Ufer / Corner Am Köllnischen Park,"GPS: 52.5144, 13.41539",party,,19:00,23:00,,
"GIN-TASTING ""So schmeckt die Hauptstadt""",,HENRI Hotel Berlin,"Gin-Tasting mit Gin aus Berlin und seinem Umland  Zu diesem Event          								          									                    	Das Henri in Charlottenburg, unmittelbar am mondänen Kurfürstendamm, ist kein Hotel, sondern ein Lifestyle. Wir sitzen im blauen Salon dieses wunderschönen Hauses aus der Gründerzeit und genießen die facettenreichen Aromen von Gin aus Berlin und seiner Umgebung.Das Tasting beinhaltet:- einen Aperitif,-Pre-Tasting zur Erläuterung von drei typischen  Gin-Arten  inkl. eines  G&T mit dem Lieblingsgin (2 cl)- sechs Berliner Gins  á 2 cl,- diverse Tonics und Botanicals,- Mineralwasser und ausreichend Brot zum Neutralisieren,- natürlich ganz viel Wissen zu dem Thema Gin- und wer Lust hat, kann abschließend anhand eines Fragebogens testen, ob ich dieses Wissen gut vermittelt habe Selbstverständlich werden bei allen Veranstaltungen die zu dem Zeitpunkt für die Gastronomie geltenden  Sicherheitsstandards zur Vermeidung der Verbreitung von Covit19 eingehalten.",,16/04/2021,16/04/2021,Charlottenburg,Meinickestr. 9,10719 ,party,,19:00,21:00,,
You'll Have Had Your Jags?,,KAOS Berlin,"A combo Ceilidh with Scottish Country Dancing and all night dance to fresh'n'funky dance music at Berlin's most rad venue  About this Event          								          									                    	The date is as yet unknown - we all need to get our jags first.",,01/05/2021,02/05/2021,Köpenick,Wilhelminenhofstraße 92,12459 ,party,,19:00,22:00,,
Lange Nacht der Hotelbars Berlin - JUNI 2021,,Berlin,"Samstag, 05. Juni 2021 ab 20 Uhr- die lange Nacht der Hotelbars Berlin: Erleben Sie Berlins beste Häuser bei Nacht!  Zu diesem Event          								          									                    	❗️Die Tickets von dem 28.03. behalten ihre GÜLTIGKEIT ❗️Samstag, 05. Juni 2021 ab 20 Uhr- die lange Nacht der Hotelbars Berlin: Erleben Sie Berlins beste Häuser bei Nacht!In den großen Weltmetropolen, wie New York, London, Mailand oder Paris gehören die Bars der großen Hotels schon seit jeher zu den Hot-Spots von trendigen Nachtschwärmern und Menschen, die gerne stilvoll ausgehen.Berlin steht den großen Metropolen in nichts nach: Die traditionsreichen Häuser der Spreemetropole mit ihren geschmackvollen Bars und dem edlen Ambiente sind ein beliebter Treffpunkt für Nachtschwärmer jeder Art und jeden Alters.Tauchen Sie heute in die exklusive Welt der Hotelbars ein. Bei der langen Nacht der Hotelbars am Samstag, 05. Juni 2021 ab 20 Uhr in Berlin genießen Sie in insgesamt 11 ausgesuchten Locations ein attraktives Unterhaltungsprogramm, köstliche Drinks von den besten Barchefs der Stadt und zahlreiche Aktionen. Der eigens eingerichtete Shuttle-Service verbindet die Locations. Es erwartet Sie ein toller Abend mit vielen Überraschungen.Es freuen sich die folgenden Häuser auf Sie: Grand Hyatt Berlin Hilton Bristol Berlin Westin Grand Ellington Hotel  Pullman Berlin Schweizerhof  Hotel Rocco Forte Hotel Palace Berlin  Sheraton Berlin  Titanic Gendarmenmarkt Berlin  Capri by Fraser Berlin Die Tickets kosten 19 € (zzgl. VVK Gebühren). Um einen reibungslosen Ablauf des Events zu garantieren, entscheiden Sie sich beim Ticketkauf für die Location, in welcher Sie um 20 Uhr Ihre Tour beginnen möchten. Danach können Sie ihre nächsten Hotelbars frei wählen.Im Ticket enthalten sind:Teilnahme und Eintritt in alle Hotelbars1 Getränk in der ersten LocationNutzung der ShuttlebusseUnterhaltungsprogramm in jeder Hotelbar mit DJs und Live-Künstlern",,05/06/2021,06/06/2021,Other,berlin,Berlin,party,,20:00,01:00,,
Pirschheidi - Die Frank Heck & Torsten Kuhn Show -,,Kutschstall,"!!!WEGEN COVID-19 VERSCHOBEN!!!           DIE Schlagerparty in Potsdam : Pirschheidi - Die Frank Heck & Torsten Kuhn Show - Wir leben den Schlager!  Zu diesem Event          								          									                    	Liebe Pirschheidi-Fans,nun ist er da - der Virus. Und er macht auch vor unseren Veranstaltungen nicht Halt. Die Meinungen im Team sind gespalten. Letztendlich sind wir jedoch Partymacher und keine Ärzte oder Politiker. Deswegen fügen wir uns derer Weisungen und Empfehlungen. Am Ende zählen die Gesundheit und das Wohlbefinden von uns allen. Wir würden es uns niemals verzeihen können, wenn sich nach einer Pirschheidi herausstellt, dass durch ihre Absage eine schwere Erkrankung oder gar ein Todesfall hätten verhindert werden können. Und das ist der Grund, warum wir einige unserer Parties bis auf Weiteres aussetzen. Das betrifft vor allem die Veranstaltungen am 11.4. in Potsdam und die Veranstaltung am 8.5. in Berlin-Kladow. Diese Pirschheidis finden an diesen Terminen nicht statt. Die teilnehmenden Künstler wurden informiert und bedauern es ebenfalls sehr, euch an diesen Tagen nicht begegnen zu können.Aber die bereits gekauften Karten behalten ihre Gültigkeit. Die Termine der Ersatzveranstaltungen werden rechtzeitig vorher bekanntgegeben.Wir wissen, dass diese Entscheidung den Unmut vieler hervorrufen wird. Vor allem Fans, die aus der Ferne anreisen, dürften nicht gerade begeistert sein. Das tut uns wahnsinnig leid. Aber wie bereits erwähnt, zählen hier andere Werte. Die Gesundheit der Gemeinschaft geht eindeutig vor und steht nun mal unbestreitbar über dem schnöden Mammon.Fühlt euch virtuell umarmt und haltet zusammen. Wir werden auch wieder sonnigere Zeiten erleben, nachdem dieses Tal der Tränen durchschritten wurde. Diese Zeiten sehnen wir herbei. Bis dahin achtet auf euch und eure Lieben.Frank, Torsten, Klaus & Katy-- Ursprünglicher Veranstaltungstext:Am 11. April ist es wieder soweit – die „Pirschheidi"" Schlagershow aus Potsdam geht in die nächste Runde.Und das in einer traumhaft schönen Location, dem Kutschstall Ensemble im Herzen von Potsdam. Sichert euch eure Tickets für die Schlager-Party auf eventbrite.de oder  direkt vor Ort, bevor wir wieder ausverkauft sind! Die Frank Heck & Torsten Kuhn Show - geboren in Potsdam - das Original!Einfach nur Schlagerparty war gestern. Wir leben den Schlager!Feiert eine Nacht lang den Schlager mit den Musikern und Schlager-DJs Frank Heck und Torsten Kuhn in der Eventlocation Kutschstall.https://www.kutschstall.deOb die Klassiker aus den 70ern und 80ern, die Neuauflagen aus den 90ern oder die Schlagerbeats der 2000er - wir lieben und leben sie.Dieses Mal unterstützen zwei beliebte Live-Acts das Pirschheidi-Team. Sophia VenusDa ist einerseits die von einigen Auftritten bei der Pirschheidi bereits bekannte Sophia Venus. Sie wird nicht mehr als Newcomerin bezeichnet, sondern ist als Durchstarterin der Saison anerkannt. Sie überzeugte in mehreren TV-Auftritten und unzähligen Bühnenshows. Sophia Venus - wenn Schlager glücklich macht!                               	                              	Mehr unter https://fiavenus.cabanova.com/Zeit-FlugDes Weiteren werden die Jungs von Zeit-Flug mit von der Partie sein. Zeit ist kein Maßstab für das, was man erlebt, wenn diese Jungs die Bühne betreten. Sie konnten bereits bei zahlreichen Konzerten ihr Publikum begeistern. Ihre Lust auf modernen, tanzbaren Schlager konnten Sie im Fernsehen schon bei ‘Schlager des Sommers’ mit Florian Silbereisen, der RTL-Show ‘Take me out’ oder ‘Sonnenklar TV’ unter Beweis stellen. Ihre Single ‘Karussell’ konnte sich bereits in den iTunes Schlager Charts platzieren und befindet sich sogar auf dem Nr. 1 Sampler ‘Schlager-Club 2019’. Auf der Bühne bilden die drei ein mitreißendes Gesamtkonzept, das Alt und Jung in gute Laune versetzt. Alle Drei können als Solo-Künstler bereits auf beeindruckende Erfolge zurückblicken (Martin ‘X-Factor’ Halbfinale, Deniz Finale ‘Schlager Trophy’ und Darsteller in diversen Musicalproduktionen, Ruben Background bei ‘One Direction’ und David Garrett) und dennoch sind die Drei zusammen eine Einheit, die große Gefühle und ausgelassene Partystimmung transportiert.                              	                              	                              	Mehr unter https://zeit-flug.netUnd natürlich wieder mit dabei: der einzigartige Klaus Carpendale!Kleines aber feines Geheimnis jeder Pirschheidi sind die vielen Aktionen, mit denen wir unser Publikum beglücken. So werden auch am 11.04.2020 in Potsdam die zartschmelzende Eisparade, der beschwipste Rotweintraum und das knackige Wurstglück am Start sein. Es werden massenhaft Luftgeschenke verteilt und beim Flamingoweitwurf rosarote Federn gelassen.Alles in allem erlebt ihr mit uns ein energiegeladenes Schlager-Event der Extraklasse, welches wir nach unserer großen Pirschheidi - Gala vom 09.11.2019 mit euch fortsetzen.Einlass ab 18 UhrMinderjährige mit Muttizettel (https://www.muttizettel.net) und in Begleitung einer erwachsenen Aufsichtsperson.Unterstützt durch die REDO UnternehmensgruppeInfos und Tickets unter https://www.pirschheidi.com/ticketsPirschheidi - Stilvoller und mitreißender Schlagergenuss - 💃💖🕺",,10/04/2021,11/04/2021,Other,Am Neuen Markt 9A,14467 Potsdam,party,,19:00,01:00,,
Ladies Fashion Night - Das Jubiläum,,Orangerieschloss,"Ladies Fashion Night - Das Jubiläum 2021  Zu diesem Event          								          									                    	DAS Event des Jahres ""Die 10.- Ladies Fashion Night"" steht in den Startlöchern! Sie ist nicht nur für alle Ladies, Modeinteressierte, Highheelliebhaber/-innen und Schöngeister, nicht nur für Potsdam in Potsdam, sondern für ganz Deutschland.Die ""10.-Ladies Fashion Night"" zeigt am 11. 09.2021 erstmalig in historischer Kulisse, im Orangerieschloss Potsdam, dem UNESCO Weltkulturerbe, wie wunderschön es ist, eine Frau von Welt zu sein.Das Motto ""venezianische Nacht"" wird begleitet und aufgenommen von riesigen Fashion Shows, ausgefallenen Special Acts, dem größten  Shoppingbereich der Nacht und EUCH, dem tollsten Publikum der Welt.Einlass zu 18:00 in elegantem Dresscode mit Maske, unserem ""venezianischem Motto"" entsprechend.Sichert euch die Tickets de rlegendären Ladies Fashion Night.Das wird EUER Abend!Weitere Informationen folgen demnächst auf www.ladiesfashionnight.de und auf Facebook - Ladies Fashion Night",,11/09/2021,12/09/2021,Other,An der Orangerie 3-5,14469 Potsdam,party,,18:00,02:00,,
Halli-Galli-Party in Zehdenick * OPEN AIR,,Freilichtbühne Zehdenick,"Einlass 19.oo Uhr, Start 20.00 Uhr.  DJ NC CHRIS.  DIE PARTY KANN STEIGEN!  Zu diesem Event          								          									                    	ab 20.oo Uhr legt DJ NC Chris die besten Hits auf dem schönsten Partygelände nördlich von Berlin auf. Auf der Galli-Galli-Party lassen wir eine Kuh fliegen...",,12/06/2021,13/06/2021,Other,Philipp-Müller-Straße,Freilichtbühne Zehdenick,party,,19:00,01:00,,
Homecoming Jüterbog - die nachgeholte Osterparty und Weihnachten ZUSAMMEN,,"Jüterbog, Wiesenhalle","Die Homecoming-Party kommt zu Ostern wieder nach Jüterbog  Zu diesem Event          								          									                    	Was wir Weihnachten können, können wir Ostern schon längst ;-)Freut euch auf eine Party der Extraklasse in Jüterbog. Mit den besten DJs, den coolsten Drinks und einfach den tollsten Gästen weit und breit!Veranstaltung ist ab 16 (mit Muttizettel)",,16/10/2021,17/10/2021,Other,Friesdrich-Ebert-Straße,14913 Jüterbog,party,,22:00,05:00,,
Halli-Galli-Party in Beeskow - OPEN AIR,,Spreepark Beeskow,"Einlass 19.oo Uhr, Start 20.00 Uhr.  DJ NC CHRIS.  DIE PARTY KANN STEIGEN!  Zu diesem Event          								          									                    	Halli Galli Party auf Tour in Beeskow Endlich wieder richtig feiern. Am 14.08.2021 stoppt die legendäre „Halli Galli Party“ on Tour in Beeskow  im Spreepark - OPEN AIR. Ab 20.oo Uhr legt DJ NC Chris die besten und unvergesslichsten Songs der Gegenwart und Vergangenheit auf. Da ist gute Stimmung garantiert und die Tanzfläche wird proppenvoll. Tickets gibt es an den VVK Stellen (7 EUR zzgl. lokale Gebühren) in der Region, online /(http://potential-allstars.eventbrite.de?s=125451605) und an der Abendkasse (10 EUR). Das wird gut, das fetzt ein! Kommt also alle, dann ist woanders mehr Platz!",,14/08/2021,15/08/2021,Other,Bertholdpl. 6,Spreepark Beeskow,party,,19:00,03:30,,
Kombiticket - Halli-Galli Party & Holi in Fürstenberg,,Festwiese am Röblinsee,"Halli-Galli Party & Holi in Fürstenberg           Mit dem Kombiticket spart ihr 20% auf die Tickets.  Zu diesem Event          								          									                    	Halli-Galli Drecksau Party & Holi in Fürstenberg           Mit dem Kombiticket spart ihr 20% auf die Tickets.",,21/08/2021,22/08/2021,Other,Schützenstraße,16798 Fürstenberg/Havel,party,,19:00,20:00,,
HOLI in Fürstenberg,,Festwiese am Röblinsee,"Bereits zum 6.  mal steigt das Holi Fest in Fürstenberg. DJ NC Chris legt auf und verwandelt die Festwiese in ein Goa und Holi Fest  Zu diesem Event          								          									                    	Holi in Fürstenberg.Bereits zum 6. mal steigt das Holi Fest in Fürstenberg. DJ NC Chris legt auf und verwandelt die Festwiese in ein Goa und Elektro-Spektakel... und mit der Farbe in die bunteste Stadt Deutschlands.",,22/08/2021,22/08/2021,Other,Schützenstraße,16798 Fürstenberg/Havel,party,,13:30,20:00,,
Sunglasses @ Night - 80er Jahre Party in Wittenberg - 23.04.2022,,Exerzierhalle Wittenberg,"wir feiern mit Euch die beste 80er Jahre Party in Wittenberg und der Umgebung.  Bereits zum 8. mal werden wir in der Exerzierhalle feiern. W  Zu diesem Event          								          									                    	wir feiern mit Euch die beste 80er Jahre Party in Wittenberg und der Umgebung.  Bereits zum 8. mal werden wir in der Exerzierhalle feiern. Wieder am Start DJ NC Chris und Überraschungen.",,23/04/2022,24/04/2022,Other,Bürgermeisterstraße 10,06886 Lutherstadt Wittenberg,party,,20:00,03:00,,
ROYAL DANCE feat. GIULIA SIEGEL,,Schloss Milkersdorf,  Mit Freunden teilen,,27/11/2021,28/11/2021,Other,Schloßstr. 15,03099 Milkersdorf,party,,20:00,04:00,,
ROYAL DANCE,,Schloss Milkersdorf,"Das Tanzvergnügen der besonderen Art!  Zu diesem Event          								          									                    	Schloß Milkersdorf präsentiert in einem der wertvollsten Einzeldenkmäler des Landes Brandenburg ein Vergnügen der besonderen Art: ROYAL DANCE die sprichwörtlich heißeste Tanznacht in einem der stilvollsten Lifestyle Clubs Europas.Freut Euch auf ein atemberaubendes Ambiente mit niveauvollen und charmanten Gästen in garantiert geschützter Privatsphäre. Diskretion, Exklusivität, Dekadenz, raffinierte Cocktails und verlockende Speisen - hier lebt man den neuen Lifestyle der Luxusklasse. Ein interessanter Mix aus animierenden Beats, distinguiertem Tanzvergnügen mit sinnlichem Flair, leidenschaftlichen Flirts und ungezügelter Lust...MILKERSDORF SOUND - MIXED MUSICBar / Tanzfläche: Feinste elektronische Musik (Progressive House, Vocal- Club- und Deephouse, Melodic House & Techno)!Spielräume / Séparées: Atmosphärischer, lasziv-erotischer ""Soundtrack of Love"" (""Slow Flow"" Beat)!DRESSCODE:Stellt Euch vor, Ihr geht in ein gutes Restaurant oder in eine exklusive Bar. Einlass erfolgt nur in gepflegter oder außergewöhnlicher Abendgarderobe.Die Damen tragen ein Abendkleid oder das kleine Schwarze oder gern offensiv frivol (Sexy Kleider, Kostüme, Lack & Leder, Fetish).Die Herren tragen Anzug oder Anzughose, einfarbiges Hemd und passende Schuhe oder gern frivoler (Kostüme, Lack & Leder, Fetish).Die Vergnügungssuiten in der oberen Etage werden meist nackt oder in Dessous betreten. Im Bar- und Restaurantbereich bitte NIE nackt oder in Dessous.ACHTUNG: Kein Einlass in normaler Straßenkleidung, keine T-Shirts, keine Jeans, keine Sportschuhe, keine Halbarmhemden, keine karierten Hemden, keine Poloshirts! Bitte haltet Euch unbedingt an den gewünschten Dresscode - die Entscheidung unserer charmanten Türdame ist endgültig - No money back!ÜBERNACHTUNG:Das optional buchbare Sorglospaket für 105 € (Doppelzimmer) beinhaltet eine Übernachtung im 4 Sterne Lindner Congress Hotel in Cottbus inkl. Shuttle-Service: Check-In im Hotel ab 15.00 Uhr. Shuttle-Transfer pünktlich um 19.30 Uhr vom Hotel zum Schloss. Die Fahrzeit beträgt ca. 15 Minuten. Die Rückfahrt vom Schloss ins Hotel erfolgt um 3.00 Uhr. Eine Zusatznacht (ohne Partybesuch) kann für 64 € dazu gebucht werden, optional zuzüglich Frühstück (6.30–10.30 Uhr für 15 € pro Person), Tiefgarage (7,50 €) und Minibar. Zusatzkosten sind bitte direkt im Hotel zu zahlen. Alternativ zum Shuttle-Service kann man ein Taxi nutzen. Die Kosten für eine einfache Fahrt betragen ca. 30 €. Eine Verrechnung des nicht genutzten Shuttles ist ausdrücklich nicht möglich.",,25/12/2021,26/12/2021,Other,Schloßstr. 15,03099 Milkersdorf,party,,20:00,04:00,,
Sunset on Boat,,Sternbrücke Magdeburg,"House,Black & Charts Musik mit DJ Sebastian Schikor  Zu diesem Event          								          									                    	Feiern und Tanzen auf der Elbe - auf der MS Marco Polo!Feiern und Tanzen auf der Elbe - auf der MS Marco Polo!Am 22.05.2021 legt die MS Marco Polo nach langer Durststrecke endlich wieder für Euch zur Tanznacht ab. Das Boarding beginnt um 20:30 Uhr. Der Begrüßungssekt steht dann schon bereit.Die Tanzfläche auf dem Oberdeck lädt Euch ein, vor der einmaligen Stadtkulisse Magdeburgs und den romantischen Elbauen zu tanzen und zu träumen. Macht es Euch im Salon bequem und probiert eines der zahlreichen Getränke unserer Bordbar bei nettem Service und angenehmen Publikum.Für Euch an den Decks: DJ Sebastian Schikor (Buttergasse Magdeburg/ SATURDAY NIGHT CLUB)House, Black & Charts MusikAbfahrt 21:00Ankunft 01:30Ticket-Anzahl stark limitiert !!!Zutritt ab 21 Jahren!Der Dresscode ist nicht festgelegt, jedoch wird ein stilvolles, ansprechendes äußeres Erscheinungsbild erwartet.Die wichtigsten Facts:Datum: 22.05.2021Ort: Anleger der Reederei Süßenbach an der Sternenbrücke (Stadtseitig)",,22/05/2021,23/05/2021,Other,Im Elbebahnhof,39104 Magdeburg,party,,20:30,01:30,,
Schlagernacht mit DJ Henne,,Sternbrücke Magdeburg,"Die einzige Schlagerparty auf der mittleren Elbe!  Zu diesem Event          								          									                    	Schlagernacht                     Am 5.06.2021 legt die MS Marco Polo wieder für Euch zur Schlagernacht ab. Das Boarding beginnt um 20:30 Uhr. Der Begrüßungssekt steht dann schon bereit.          Feiert, tanzt und genießt zu all den bekannten Evergreens von damals und den Schlagerhits von heute. DJ HENNE legt für Euch seine Schätze auf.          Die Tanzfläche auf dem Oberdeck lädt Euch ein, vor der einmaligen Stadtkulisse Magdeburgs und den romantischen Elbauen zu tanzen und zu träumen. Macht es Euch im Salon bequem und probiert eines der zahlreichen Getränke unserer Bordbar bei nettem Service und angenehmen Publikum.          Die freundlichste Crew auf der mittleren Elbe tritt an, um Euch in dieser einzigartigen Nacht zu begleiten.          Wenn das Schiff zwischen 01:00 Uhr und 01:30 Uhr anlegt, könnt Ihr den Abend entweder an Bord ausklingen lassen oder Euch weiter ins Magdeburger Nachtleben stürzen.          Der Dresscode ist nicht festgelegt, jedoch wird ein stilvolles, ansprechendes äußeres Erscheinungsbild erwartet.                    Die wichtigsten Facts:          Datum: 5.06.2021          Ort: Anleger der Reederei Süßenbach an der Sternenbrücke (Stadtseitig)",,05/06/2021,06/06/2021,Other,Im Elbebahnhof,39104 Magdeburg,party,,21:00,01:30,,
LADIES NIGHT - P25,,Sternbrücke Magdeburg,"Eine Champagner-Nacht im Mondschein  Zu diesem Event          								          									                    	LADIES NIGHT - Eine Champagner-Nacht im Mondschein - P25          Sa. 03.July, 21:00 Uhr           MS MARCO POLO          INFOS          Mit diesem exklusiven Moët & Music Event auf der Elbe feiert Ihr mit uns eine Premiere.          Es erwartet Euch eine einzigartige Nacht für alle, die das Leben in vollen Zügen genießen.           Unvergessliche Momente werden stilvoll gefeiert, um diese zu etwas ganz Besonderem zu machen. Damit Ihr den Abend in vollen Zügen genießen und richtig zelebrieren könnt, erhält jede Lady an Bord zur Begrüßung ein Glas Champagner auf's Haus. Weitere kleine Highlights begleiten Euch durch die Nacht.          Musikalisch gibt es die coolsten Clubsound mit Sebastian Schikor und DJ DunDee.          🔴DRESSCODE🔴          Extravagant. Auffällig. Eindrucksvoll.           Originell. Exklusiv. Stilvoll. Beispiellos.          Schicker, auffälliger oder super stylischer Dresscode ist ein MUSS! Sonst läuft leider nichts in dieser Nacht!                    Ticket-Anzahl stark limitiert !!!          Nur im VORVERKAUF erhältlich.          Ticketpreis: 35,00 €          Die wichtigsten Facts:          Datum: 03.07.2020          Beginn: 20:30 - Begrüßungsgetränk für die Ladies          Abfahrt: 21:00 - Abfahrt ohne Kompromiss!          Ankunft: 01:30           Ort: Anleger der Reederei Süßenbach an der Sternenbrücke (Stadtseitig)",,03/07/2021,04/07/2021,Other,Im Elbebahnhof,39104 Magdeburg,party,,21:00,01:30,,
"BEACH, BOAT & BERMUDA",,Sternbrücke Magdeburg,"House,Black & Charts Musik  DJ NOPE (AIRPORT WOLFSBURG) und NICK GROOVE(BOOST BEATZ BIRGER)  Zu diesem Event          								          									                    	BEACH, BOAT & BERMUDA          Fr. 09.July, 21:00 Uhr          MS MARCO POLO                    Der Name ist Programm bei unserem ersten Freitagsevent. Diesmal heisst es Bermuda anziehen und ab an Bord auf die MS MARCO POLO. Zeig uns dein Standoutfit und tanze zu den aktuellen Sound aus den Charts. Egal ob House, Black oder Charts..... für Dich wird sicher etwas dabei sein. Feiere mit uns und den anderen Gästen zu DJ NOPE (AIRPORT WOLFSBURG) und NICK GROOVE(BOOST BEATZ BIRGER).          Die Tanzfläche auf dem Oberdeck lädt Dich ein, vor der einmaligen Stadtkulisse Magdeburgs und den coolen Elbauen zu tanzen und spaß zu haben. Chillt im Salon bequem und probiert eines der zahlreichen Getränke unserer Bordbar bei nettem Service und angenehmen Publikum.          Die freundlichste Crew auf der mittleren Elbe tritt an, um Euch in dieser einzigartigen Nacht zu begleiten.          Wenn das Schiff zwischen 01:00 Uhr und 01:30 Uhr anlegt, könnt Ihr den Abend entweder an Bord ausklingen lassen oder Euch weiter ins Magdeburger Nachtleben stürzen.                              Ticket-Anzahl stark limitiert !!!          Nur im VORVERKAUF erhältlich.          Ticketpreis: 25,00 €",,09/07/2021,10/07/2021,Other,Im Elbebahnhof,39104 Magdeburg,party,,21:00,01:30,,
DANCE BABY (Black meets House),,Sternbrücke Magdeburg,"Black meets House auf der Elbe!  Zu diesem Event          								          									                    	Am 04.09.2021 legt die MS Marco Polo wieder für Euch zur Tanznacht ab. Das Boarding beginnt um 20:30 Uhr. Der Begrüßungssekt steht dann schon bereit.          Feiert, tanzt und genießt zu aktuellen BlackBeats und den Beatz der elektronischen Tanzmusik mit den DJs Soulfinger(NACHTCAFE LEIPZIG) & Sebastian Schikor(BUTTERGASSE MAGDEBURG).          Die Tanzfläche auf dem Oberdeck lädt Euch ein, vor der einmaligen Stadtkulisse Magdeburgs und den romantischen Elbauen zu tanzen und zu träumen. Macht es Euch im Salon bequem und probiert eines der zahlreichen Getränke unserer Bordbar bei nettem Service und angenehmen Publikum.          Die freundlichste Crew auf der mittleren Elbe tritt an, um Euch in dieser einzigartigen Nacht zu begleiten.          Wenn das Schiff zwischen 01:00 Uhr und 01:30 Uhr anlegt, könnt Ihr den Abend entweder an Bord ausklingen lassen oder Euch weiter ins Magdeburger Nachtleben stürzen.                    Der Dresscode ist nicht festgelegt, jedoch wird ein stilvolles, ansprechendes äußeres Erscheinungsbild erwartet.                    Die wichtigsten Facts:          Datum: 04.09.2021          Musikgenre: BLACK meets HOUSE          Boarding: 20:30          Ablegen: 21:00          Anlegen: zwischen 01:00 und 01:30          Ticketpreis: 30,00 €          TICKETS STARK LIMITIERT!!!          Begrüßungssekt beim Boarding          Ort: Anleger der Reederei Süßenbach an der Sternenbrücke (Stadtseitig)",,04/09/2021,05/09/2021,Other,Im Elbebahnhof,39104 Magdeburg,party,,21:00,01:30,,
Ü30 Party,,Sternbrücke Magdeburg,"Die Tanznacht auf Elbe  Zu diesem Event          								          									                    	Ü30 Tanznacht - P30          Sa. 18.September 21:00 Uhr          MS MARCO POLO          Musiklisch liegen zur ""Ü30"" Partyhits von damals bis heute auf den Plattentellern. Mit einer Mischung aus den Discoklassikern der 90er sowie aktuellen Charthits, Evergreens und ein wenig House gepaart mit Blackmusik ist für alles gesorgt was das Tanzbein schwingen lässt. Dj U-Dok führt Euch durch den Abend auf der Elbe.          🔴DRESSCODE🔴          Extravagant. Auffällig. Eindrucksvoll.          Originell. Exklusiv. Stilvoll. Beispiellos.          Schicker, auffälliger oder super stylischer Dresscode ist ein MUSS! Sonst läuft leider nichts in dieser Nacht!          Ticket-Anzahl stark limitiert !!!          Nur im VORVERKAUF erhältlich.          Ticketpreis: 35,00 €",,18/09/2021,19/09/2021,Other,Im Elbebahnhof,39104 Magdeburg,party,,21:00,01:30,,
1. Mercedes-Benz Meet & Greet Riesa/Sachsen,,Einkaufszentrum RIESAPARK,Du besitzt einen schönen Benz und bist Mercedes begeistert? Dann ist das hier die richtige Veranstaltung für dich!!  Zu diesem Event,,26/06/2021,26/06/2021,Other,Riesapark 2,01587 Riesa,party,,10:00,22:00,,
Leipzigs größtes Speed Dating Event (35-49 Jahre),,Leipzig,"Lerne beim größtem Speed Dating Event in deiner Stadt bis zu 15 Personen bei einzigartigen Dates kennen!  Zu diesem Event          								          									                    	Leipzigs größtes Speed Dating EventHast du Lust Singles in deinem Alter direkt persönlich kennen zu lernen? Wie wäre es, wenn es ein Event gäbe, wo sich möglichst viele tolle Singles an einem Abend träfen?Beim größtem Speed Dating Event in deiner Stadt hast du die Chance auf bis zu 15 einzigartige Dates an einem Abend.Ein Moderator führt durch den Abend und jede Runde wird dir eine interessante Frage vorgegeben, die du für den Gesprächseinstieg verwenden kannst. So kommst du locker und schnell ins Gespräch!Während des Events kannst du dank dem Teilnehmerbogen markieren, wen du gerne wiedersehen willst. Bei Übereinstimmung werden die Kontaktdaten ausgetauscht.Anmeldung und weitere Termine unter: www.speeddating-xxl.deFAQsWo findet das Event statt?Die genauen Infos zur Location werden 2 Tage vor dem Event versendet.Sind Rückerstattungen möglich?Die Teilnahme beim gebuchten Event kann bis zu 7 Tage vor dem Event storniert werden. Der Teilnehmer erhält entweder die bereits gezahlte Teilnahmegebühr zurück oder bekommt ein Gutschein für ein zukünftiges Event. Schreibe hierfür eine Email an team[at]speeddating-xxl.deMuss ich das ausgedruckte Ticket mitbringen?Zur Sicherheit am besten das Ticket ausgedruckt oder auf Handy vorzeigbar mitbringen.Wie kann ich den Veranstalter kontaktieren, wenn ich Fragen habe?Bei Fragen wende dich gerne an team[at]speeddating-xxl.de.Bildquelle: Syda Productions/Shutterstock.com",,06/05/2021,06/05/2021,Other,-,Leipzig,party,,19:30,21:30,,